{"$schema":"http://schema.management.azure.com/schemas/2015-01-01/deploymentTemplate.json#","contentVersion":"1.0.0.0","parameters":{"workspaceName":{"type":"string","metadata":"Workspace name","defaultValue":"syn-powerbimonitor"},"LS_REST_PowerBI":{"type":"string"},"syn-powerbimonitor-WorkspaceDefaultStorage":{"type":"string"},"LS_SSQL_Generic":{"type":"string"}},"variables":{"workspaceId":"[concat('Microsoft.Synapse/workspaces/', parameters('workspaceName'))]"},"resources":[{"name":"[concat(parameters('workspaceName'), '/PL_PowerBIWorkspaceInfo')]","type":"Microsoft.Synapse/workspaces/pipelines","apiVersion":"2019-06-01-preview","properties":{"description":"Extract Power BI tenant metadata\n\nCreated by: Just Blindbæk","activities":[{"name":"Save list of workspaces","type":"Copy","dependsOn":[],"policy":{"timeout":"0.01:00:00","retry":0,"retryIntervalInSeconds":30,"secureOutput":false,"secureInput":false},"userProperties":[],"typeProperties":{"source":{"type":"RestSource","additionalColumns":[{"name":"ADF_PipelineRunID","value":{"value":"@pipeline().RunId","type":"Expression"}},{"name":"ADF_PipelineTriggerTime","value":{"value":"@pipeline().TriggerTime","type":"Expression"}}],"httpRequestTimeout":"00:01:40","requestInterval":"00.00:00:00.010","requestMethod":"GET"},"sink":{"type":"JsonSink","storeSettings":{"type":"AzureBlobFSWriteSettings"},"formatSettings":{"type":"JsonWriteSettings"}},"enableStaging":false},"inputs":[{"referenceName":"DS_REST_PowerBI","type":"DatasetReference","parameters":{"AdminAPI":"workspaces/modified"}}],"outputs":[{"referenceName":"DS_ADLS_Generic_JSON","type":"DatasetReference","parameters":{"FileSystem":"raw","Folder":"powerbi-tenant/workspacelist","FileName":"powerbi_workspacelist.json"}}]},{"name":"Get batches of workspaces","type":"Lookup","dependsOn":[{"activity":"Save list of workspaces","dependencyConditions":["Succeeded"]}],"policy":{"timeout":"0.01:00:00","retry":0,"retryIntervalInSeconds":30,"secureOutput":false,"secureInput":false},"userProperties":[],"typeProperties":{"source":{"type":"SqlDWSource","sqlReaderQuery":{"value":"WITH [WorkspaceRanked]\nAS\n(\n    SELECT ROW_NUMBER() OVER (ORDER BY JSON_VALUE (rows, '$.id')) AS [Rank], JSON_VALUE (rows, '$.id') AS [Id]\n    FROM\n        OPENROWSET(\n            BULK 'https://@{pipeline().parameters.StorageAccountName}.dfs.core.windows.net/raw/powerbi-tenant/workspacelist/powerbi_workspacelist.json',\n            FORMAT = 'CSV',\n            FIELDQUOTE = '0x0b',\n            FIELDTERMINATOR ='0x0b'\n        )\n        WITH (\n            rows varchar(MAX)\n        ) AS [rows]\n),\n[WorkspaceBatched]\nAS\n(\n    SELECT ROW_NUMBER() OVER (PARTITION BY([Rank] % 100) ORDER BY [Rank] ASC) AS [Batch] ,[Id]\n    FROM [WorkspaceRanked]\n)\nSELECT N'{\"workspaces\": [\"' + STRING_AGG([Id], '\", \"') + '\"]}' AS [BodyExpression], [Batch]\nFROM [WorkspaceBatched]\nGROUP BY [Batch]","type":"Expression"},"queryTimeout":"02:00:00","partitionOption":"None"},"dataset":{"referenceName":"DS_SSQL_Generic","type":"DatasetReference","parameters":{}},"firstRowOnly":false}},{"name":"ForEach batch","type":"ForEach","dependsOn":[{"activity":"Get batches of workspaces","dependencyConditions":["Succeeded"]}],"userProperties":[],"typeProperties":{"items":{"value":"@activity('Get batches of workspaces').output.value","type":"Expression"},"isSequential":false,"activities":[{"name":"Execute ScanResult pipeline","type":"ExecutePipeline","dependsOn":[],"userProperties":[],"typeProperties":{"pipeline":{"referenceName":"PL_PowerBIWorkspaceInfoScanResult_ADLS","type":"PipelineReference"},"waitOnCompletion":true,"parameters":{"Batch":{"value":"@item().Batch","type":"Expression"},"ADF_PipelineRunId":{"value":"@pipeline().RunId","type":"Expression"},"ADF_TriggerTime":{"value":"@pipeline().TriggerTime","type":"Expression"},"BodyExpression":{"value":"@item().BodyExpression","type":"Expression"}}}}]}}],"policy":{"elapsedTimeMetric":{},"cancelAfter":{}},"parameters":{"StorageAccountName":{"type":"string","defaultValue":"just"}},"variables":{"WorkspaceBatches":{"type":"Array"}},"folder":{"name":"Power BI monitor"},"annotations":[],"lastPublishTime":"2021-02-26T12:04:07Z"},"dependsOn":["[concat(variables('workspaceId'), '/datasets/DS_REST_PowerBI')]","[concat(variables('workspaceId'), '/datasets/DS_ADLS_Generic_JSON')]","[concat(variables('workspaceId'), '/datasets/DS_SSQL_Generic')]","[concat(variables('workspaceId'), '/pipelines/PL_PowerBIWorkspaceInfoScanResult_ADLS')]"]},{"name":"[concat(parameters('workspaceName'), '/DS_REST_PowerBI')]","type":"Microsoft.Synapse/workspaces/datasets","apiVersion":"2019-06-01-preview","properties":{"linkedServiceName":{"referenceName":"[parameters('LS_REST_PowerBI')]","type":"LinkedServiceReference","parameters":{"BaseURL":"https://api.powerbi.com/v1.0/myorg/admin/"}},"parameters":{"AdminAPI":{"type":"string"}},"folder":{"name":"Generic"},"annotations":[],"type":"RestResource","typeProperties":{"relativeUrl":{"value":"@dataset().AdminAPI","type":"Expression"}},"schema":[]},"dependsOn":[]},{"name":"[concat(parameters('workspaceName'), '/DS_ADLS_Generic_JSON')]","type":"Microsoft.Synapse/workspaces/datasets","apiVersion":"2019-06-01-preview","properties":{"linkedServiceName":{"referenceName":"[parameters('syn-powerbimonitor-WorkspaceDefaultStorage')]","type":"LinkedServiceReference"},"parameters":{"FileSystem":{"type":"String"},"Folder":{"type":"String"},"FileName":{"type":"String"}},"folder":{"name":"Generic"},"annotations":[],"type":"Json","typeProperties":{"location":{"type":"AzureBlobFSLocation","fileName":{"value":"@dataset().FileName","type":"Expression"},"folderPath":{"value":"@dataset().Folder","type":"Expression"},"fileSystem":{"value":"@dataset().FileSystem","type":"Expression"}}},"schema":{}},"dependsOn":[]},{"name":"[concat(parameters('workspaceName'), '/DS_SSQL_Generic')]","type":"Microsoft.Synapse/workspaces/datasets","apiVersion":"2019-06-01-preview","properties":{"linkedServiceName":{"referenceName":"[parameters('LS_SSQL_Generic')]","type":"LinkedServiceReference","parameters":{"DBName":"master"}},"folder":{"name":"Generic"},"annotations":[],"type":"AzureSqlDWTable","schema":[],"typeProperties":{"schema":"dbo","table":"workspacelist"}},"dependsOn":[]},{"name":"[concat(parameters('workspaceName'), '/PL_PowerBIWorkspaceInfoScanResult_ADLS')]","type":"Microsoft.Synapse/workspaces/pipelines","apiVersion":"2019-06-01-preview","properties":{"activities":[{"name":"Copy workspaceInfo data to ADLS","type":"Copy","dependsOn":[{"activity":"Until ScanStatus equals Succeeded","dependencyConditions":["Succeeded"]}],"policy":{"timeout":"0.01:00:00","retry":0,"retryIntervalInSeconds":30,"secureOutput":false,"secureInput":false},"userProperties":[],"typeProperties":{"source":{"type":"RestSource","additionalColumns":[{"name":"ADF_PipelineRunId","value":{"value":"@pipeline().parameters.ADF_PipelineRunId","type":"Expression"}},{"name":"ADF_PipelineTriggerTime","value":{"value":"@pipeline().parameters.ADF_TriggerTime","type":"Expression"}}],"httpRequestTimeout":"00:01:40","requestInterval":"00.00:00:00.010","requestMethod":"GET"},"sink":{"type":"JsonSink","storeSettings":{"type":"AzureBlobFSWriteSettings"},"formatSettings":{"type":"JsonWriteSettings"}},"enableStaging":false,"translator":{"type":"TabularTranslator","mappings":[{"source":{"path":"[['id']"},"sink":{"name":"id","type":"String"}},{"source":{"path":"[['name']"},"sink":{"name":"name","type":"String"}},{"source":{"path":"[['type']"},"sink":{"name":"type","type":"String"}},{"source":{"path":"[['state']"},"sink":{"name":"state","type":"String"}},{"source":{"path":"[['isOnDedicatedCapacity']"},"sink":{"name":"isOnDedicatedCapacity","type":"String"}},{"source":{"path":"[['capacityId']"},"sink":{"name":"capacityId","type":"String"}},{"source":{"path":"[['reports']"},"sink":{"name":"reports","type":"String"}},{"source":{"path":"[['dashboards']"},"sink":{"name":"dashboards","type":"String"}},{"source":{"path":"[['datasets']"},"sink":{"name":"datasets","type":"String"}},{"source":{"path":"[['dataflows']"},"sink":{"name":"dataflows","type":"String"}},{"source":{"path":"$['ADF_PipelineRunId']"},"sink":{"name":"ADF_PipelineRunId","type":"String"}},{"source":{"path":"$['ADF_PipelineTriggerTime']"},"sink":{"name":"ADF_PipelineTriggerTime","type":"DateTime"}}],"collectionReference":"$['workspaces']"}},"inputs":[{"referenceName":"DS_REST_PowerBI","type":"DatasetReference","parameters":{"AdminAPI":{"value":"workspaces/scanResult/@{activity('Get ScanStatus').output.id}","type":"Expression"}}}],"outputs":[{"referenceName":"DS_ADLS_Generic_JSON","type":"DatasetReference","parameters":{"FileSystem":"raw","Folder":{"value":"powerbi-tenant/workspaceinfo/year=@{formatDateTime(pipeline().parameters.ADF_TriggerTime, 'yyyy')}/month=@{formatDateTime(pipeline().parameters.ADF_TriggerTime, 'MM')}","type":"Expression"},"FileName":{"value":"powerbi_workspaceinfo_batch_@{pipeline().parameters.Batch}_@{formatDateTime(pipeline().parameters.ADF_TriggerTime, 'yyyyMMdd')}.json","type":"Expression"}}}]},{"name":"Until ScanStatus equals Succeeded","description":"Wait until Scan Status API says data is ready","type":"Until","dependsOn":[{"activity":"Post WorkspaceInfo","dependencyConditions":["Succeeded"]}],"userProperties":[],"typeProperties":{"expression":{"value":"@equals('Succeeded',activity('Get ScanStatus').output.status)","type":"Expression"},"activities":[{"name":"Wait 10 seconds","type":"Wait","dependsOn":[],"userProperties":[],"typeProperties":{"waitTimeInSeconds":10}},{"name":"Get ScanStatus","type":"WebActivity","dependsOn":[{"activity":"Wait 10 seconds","dependencyConditions":["Succeeded"]}],"policy":{"timeout":"0.01:00:00","retry":0,"retryIntervalInSeconds":30,"secureOutput":false,"secureInput":false},"userProperties":[],"typeProperties":{"url":{"value":"https://api.powerbi.com/v1.0/myorg/admin/workspaces/scanStatus/@{activity('Post WorkspaceInfo').output.id}","type":"Expression"},"method":"GET","headers":{},"body":{"workspaces":["f2e40aba-27dd-4bea-8dcf-85bfdd6d03e4","52f0c738-c28d-4ac3-92ee-9766865a205b"]},"authentication":{"type":"MSI","resource":"https://analysis.windows.net/powerbi/api"}}}],"timeout":"0.01:00:00"}},{"name":"Post WorkspaceInfo","type":"WebActivity","dependsOn":[],"policy":{"timeout":"0.01:00:00","retry":0,"retryIntervalInSeconds":30,"secureOutput":false,"secureInput":false},"userProperties":[],"typeProperties":{"url":"https://api.powerbi.com/v1.0/myorg/admin/workspaces/getInfo?lineage=True&datasourceDetails=True","connectVia":{"referenceName":"AutoResolveIntegrationRuntime","type":"IntegrationRuntimeReference"},"method":"POST","headers":{},"body":{"value":"@pipeline().parameters.BodyExpression","type":"Expression"},"authentication":{"type":"MSI","resource":"https://analysis.windows.net/powerbi/api"}}}],"policy":{"elapsedTimeMetric":{},"cancelAfter":{}},"parameters":{"Batch":{"type":"string"},"ADF_PipelineRunId":{"type":"string"},"ADF_TriggerTime":{"type":"string"},"BodyExpression":{"type":"string"}},"folder":{"name":"Power BI monitor"},"annotations":[],"lastPublishTime":"2021-02-19T19:48:50Z"},"dependsOn":["[concat(variables('workspaceId'), '/datasets/DS_REST_PowerBI')]","[concat(variables('workspaceId'), '/datasets/DS_ADLS_Generic_JSON')]"]}]}