{"$schema":"http://schema.management.azure.com/schemas/2015-01-01/deploymentTemplate.json#","contentVersion":"1.0.0.0","parameters":{"factoryName":{"type":"string","metadata":"Data Factory name"},"LS_REST_MSI":{"type":"string"},"wagdatalake1":{"type":"string"}},"variables":{"factoryId":"[concat('Microsoft.DataFactory/factories/', parameters('factoryName'))]"},"resources":[{"name":"[concat(parameters('factoryName'), '/PL_PowerBIGetWorkspaceUsers_ADLS')]","type":"Microsoft.DataFactory/factories/pipelines","apiVersion":"2018-06-01","properties":{"description":"Extract list of users in Power BI workspaces.\n\nCreated by: Just Blindbæk","activities":[{"name":"Get number of workspaces","description":"Get number of V2 workspaces to handle, if more than 5000.","type":"WebActivity","dependsOn":[],"policy":{"timeout":"0.01:00:00","retry":0,"retryIntervalInSeconds":30,"secureOutput":false,"secureInput":false},"userProperties":[],"typeProperties":{"url":"https://api.powerbi.com/v1.0/myorg/admin/groups?$expand=users&$filter=type eq 'Workspace'&$top=1","method":"GET","headers":{},"authentication":{"type":"MSI","resource":"https://analysis.windows.net/powerbi/api"}}},{"name":"Create array to loop","description":"Create a range for every 5000 workspaces, to use in the for each loop.","type":"SetVariable","dependsOn":[{"activity":"Get number of workspaces","dependencyConditions":["Succeeded"]}],"userProperties":[],"typeProperties":{"variableName":"Batches","value":{"value":"@range(1,div(sub(add(activity('Get number of workspaces').output['@odata.count'], 5000), 1), 5000))","type":"Expression"}}},{"name":"For each batch","description":"Loop over batches of 5000 workspaces","type":"ForEach","dependsOn":[{"activity":"Create array to loop","dependencyConditions":["Succeeded"]}],"userProperties":[],"typeProperties":{"items":{"value":"@variables('Batches')","type":"Expression"},"activities":[{"name":"Copy WorkspaceUsers","type":"Copy","dependsOn":[],"policy":{"timeout":"0.01:00:00","retry":0,"retryIntervalInSeconds":30,"secureOutput":false,"secureInput":false},"userProperties":[{"name":"Source","value":"@{concat('activityevents?startDateTime=''', formatDateTime(adddays(utcnow(), -7), 'yyyy-MM-dd'), 'T00:00:00.000Z''&endDateTime=''', formatDateTime(adddays(utcnow(), -7), 'yyyy-MM-dd'), 'T23:59:59.999Z''')}"}],"typeProperties":{"source":{"type":"RestSource","additionalColumns":[{"name":"ADF_PipelineRunId","value":{"value":"@pipeline().RunId","type":"Expression"}},{"name":"ADF_PipelineTriggerTime","value":{"value":"@pipeline().TriggerTime","type":"Expression"}}],"httpRequestTimeout":"00:01:40","requestInterval":"00.00:00:00.010","requestMethod":"GET"},"sink":{"type":"JsonSink","storeSettings":{"type":"AzureBlobFSWriteSettings"},"formatSettings":{"type":"JsonWriteSettings"}},"enableStaging":false},"inputs":[{"referenceName":"DS_REST_PowerBI","type":"DatasetReference","parameters":{"AdminAPI":{"value":"groups?$expand=users&$filter=type eq 'Workspace'&$top=@{mul(item(), 5000)}&$skip=@{sub(mul(item(), 5000), 5000)}","type":"Expression"}}}],"outputs":[{"referenceName":"DS_ADLS_Generic_JSON","type":"DatasetReference","parameters":{"FileSystem":"landing","Folder":{"value":"powerbi-tenant/workspaceusers/@{formatDateTime(pipeline().TriggerTime, 'yyyy')}/@{formatDateTime(pipeline().TriggerTime, 'MM')}","type":"Expression"},"FileName":{"value":"powerbi_workspaceusers_@{formatDateTime(pipeline().TriggerTime, 'yyyyMMdd')}_batch@{item()}.json","type":"Expression"}}}]}]}}],"variables":{"Batches":{"type":"Array"}},"folder":{"name":"Power BI monitor"},"annotations":[],"lastPublishTime":"2021-03-21T20:00:45Z"},"dependsOn":["[concat(variables('factoryId'), '/datasets/DS_REST_PowerBI')]","[concat(variables('factoryId'), '/datasets/DS_ADLS_Generic_JSON')]"]},{"name":"[concat(parameters('factoryName'), '/DS_REST_PowerBI')]","type":"Microsoft.DataFactory/factories/datasets","apiVersion":"2018-06-01","properties":{"linkedServiceName":{"referenceName":"[parameters('LS_REST_MSI')]","type":"LinkedServiceReference","parameters":{"BaseURL":"https://api.powerbi.com/v1.0/myorg/admin/"}},"parameters":{"AdminAPI":{"type":"string"}},"folder":{"name":"Generic"},"annotations":[],"type":"RestResource","typeProperties":{"relativeUrl":{"value":"@dataset().AdminAPI","type":"Expression"}},"schema":[]},"dependsOn":[]},{"name":"[concat(parameters('factoryName'), '/DS_ADLS_Generic_JSON')]","type":"Microsoft.DataFactory/factories/datasets","apiVersion":"2018-06-01","properties":{"linkedServiceName":{"referenceName":"[parameters('wagdatalake1')]","type":"LinkedServiceReference"},"parameters":{"FileSystem":{"type":"String"},"Folder":{"type":"String"},"FileName":{"type":"String"}},"folder":{"name":"Generic"},"annotations":[],"type":"Json","typeProperties":{"location":{"type":"AzureBlobFSLocation","fileName":{"value":"@dataset().FileName","type":"Expression"},"folderPath":{"value":"@dataset().Folder","type":"Expression"},"fileSystem":{"value":"@dataset().FileSystem","type":"Expression"}}},"schema":{}},"dependsOn":[]}]}