{"$schema":"http://schema.management.azure.com/schemas/2015-01-01/deploymentTemplate.json#","contentVersion":"1.0.0.0","parameters":{"workspaceName":{"type":"string","metadata":"Workspace name","defaultValue":"syn-powerbimonitor"},"LS_REST_PowerBI":{"type":"string"},"syn-powerbimonitor-WorkspaceDefaultStorage":{"type":"string"}},"variables":{"workspaceId":"[concat('Microsoft.Synapse/workspaces/', parameters('workspaceName'))]"},"resources":[{"name":"[concat(parameters('workspaceName'), '/PL_FabricGetTenantSettings')]","type":"Microsoft.Synapse/workspaces/pipelines","apiVersion":"2019-06-01-preview","properties":{"description":"Extract the list of Tenant Settings\n\nCreated by: Just Blindbæk","activities":[{"name":"Copy Tenant Settings","description":"Copy from Power BI Admin API to ADLS","type":"Copy","dependsOn":[],"policy":{"timeout":"0.01:00:00","retry":0,"retryIntervalInSeconds":30,"secureOutput":false,"secureInput":false},"userProperties":[],"typeProperties":{"source":{"type":"RestSource","additionalColumns":[{"name":"ADF_PipelineRunId","value":{"value":"@pipeline().RunId","type":"Expression"}},{"name":"ADF_PipelineTriggerTime","value":{"value":"@pipeline().TriggerTime","type":"Expression"}}],"httpRequestTimeout":"00:01:40","requestInterval":"00.00:00:00.010","requestMethod":"GET"},"sink":{"type":"JsonSink","storeSettings":{"type":"AzureBlobFSWriteSettings"},"formatSettings":{"type":"JsonWriteSettings"}},"enableStaging":false},"inputs":[{"referenceName":"DS_REST_Fabric","type":"DatasetReference","parameters":{"AdminAPI":"tenantsettings"}}],"outputs":[{"referenceName":"DS_ADLS_Generic_JSON","type":"DatasetReference","parameters":{"FileSystem":{"value":"@pipeline().parameters.StorageAccountContainer","type":"Expression"},"Folder":{"value":"@{pipeline().parameters.StorageAccountFolder}/tenantsettings/year=@{formatDateTime(pipeline().TriggerTime, 'yyyy')}/month=@{formatDateTime(pipeline().TriggerTime, 'MM')}","type":"Expression"},"FileName":{"value":"fabric_tenantsettings_@{formatDateTime(pipeline().TriggerTime, 'yyyyMMdd')}.json","type":"Expression"}}}]}],"policy":{"elapsedTimeMetric":{},"cancelAfter":{}},"parameters":{"StorageAccountContainer":{"type":"string","defaultValue":"raw"},"StorageAccountFolder":{"type":"string","defaultValue":"powerbi-tenant"}},"folder":{"name":"Power BI monitor"},"annotations":[],"lastPublishTime":"2023-01-03T15:02:42Z"},"dependsOn":["[concat(variables('workspaceId'), '/datasets/DS_REST_Fabric')]","[concat(variables('workspaceId'), '/datasets/DS_ADLS_Generic_JSON')]"]},{"name":"[concat(parameters('workspaceName'), '/DS_REST_Fabric')]","type":"Microsoft.Synapse/workspaces/datasets","apiVersion":"2019-06-01-preview","properties":{"linkedServiceName":{"referenceName":"[parameters('LS_REST_PowerBI')]","type":"LinkedServiceReference","parameters":{"BaseURL":"https://api.fabric.microsoft.com/v1/admin"}},"parameters":{"AdminAPI":{"type":"string"}},"folder":{"name":"Generic"},"annotations":[],"type":"RestResource","typeProperties":{"relativeUrl":{"value":"@dataset().AdminAPI","type":"Expression"}},"schema":[]},"dependsOn":[]},{"name":"[concat(parameters('workspaceName'), '/DS_ADLS_Generic_JSON')]","type":"Microsoft.Synapse/workspaces/datasets","apiVersion":"2019-06-01-preview","properties":{"linkedServiceName":{"referenceName":"[parameters('syn-powerbimonitor-WorkspaceDefaultStorage')]","type":"LinkedServiceReference"},"parameters":{"FileSystem":{"type":"String"},"Folder":{"type":"String"},"FileName":{"type":"String"}},"folder":{"name":"Generic"},"annotations":[],"type":"Json","typeProperties":{"location":{"type":"AzureBlobFSLocation","fileName":{"value":"@dataset().FileName","type":"Expression"},"folderPath":{"value":"@dataset().Folder","type":"Expression"},"fileSystem":{"value":"@dataset().FileSystem","type":"Expression"}}},"schema":{}},"dependsOn":[]}]}