{"$schema":"http://schema.management.azure.com/schemas/2015-01-01/deploymentTemplate.json#","contentVersion":"1.0.0.0","parameters":{"workspaceName":{"type":"string","metadata":"Workspace name","defaultValue":"syn-powerbimonitor"},"LS_REST_PowerBI":{"type":"string"},"syn-powerbimonitor-WorkspaceDefaultStorage":{"type":"string"}},"variables":{"workspaceId":"[concat('Microsoft.Synapse/workspaces/', parameters('workspaceName'))]"},"resources":[{"name":"[concat(parameters('workspaceName'), '/PL_PowerBIGetWidelySharedArtifacts')]","type":"Microsoft.Synapse/workspaces/pipelines","apiVersion":"2019-06-01-preview","properties":{"description":"Extract list of Widely Shared Power BI Artifacts\n\nCreated by: Just Blindbæk","activities":[{"name":"Copy LinksSharedToWholeOrganization","description":"Copy from Power BI Admin API to ADLS","type":"Copy","dependsOn":[],"policy":{"timeout":"0.01:00:00","retry":0,"retryIntervalInSeconds":30,"secureOutput":false,"secureInput":false},"userProperties":[{"name":"Source","value":"@{concat('activityevents?startDateTime=''', formatDateTime(adddays(utcnow(), -7), 'yyyy-MM-dd'), 'T00:00:00.000Z''&endDateTime=''', formatDateTime(adddays(utcnow(), -7), 'yyyy-MM-dd'), 'T23:59:59.999Z''')}"}],"typeProperties":{"source":{"type":"RestSource","additionalColumns":[{"name":"ADF_PipelineRunId","value":{"value":"@pipeline().RunId","type":"Expression"}},{"name":"ADF_PipelineTriggerTime","value":{"value":"@pipeline().TriggerTime","type":"Expression"}}],"httpRequestTimeout":"00:01:40","requestInterval":"00.00:00:00.010","requestMethod":"GET","paginationRules":{"AbsoluteUrl":"$.continuationUri"}},"sink":{"type":"JsonSink","storeSettings":{"type":"AzureBlobFSWriteSettings"},"formatSettings":{"type":"JsonWriteSettings"}},"enableStaging":false},"inputs":[{"referenceName":"DS_REST_PowerBI","type":"DatasetReference","parameters":{"AdminAPI":"widelySharedArtifacts/linksSharedToWholeOrganization"}}],"outputs":[{"referenceName":"DS_ADLS_Generic_JSON","type":"DatasetReference","parameters":{"FileSystem":{"value":"@pipeline().parameters.StorageAccountContainer","type":"Expression"},"Folder":{"value":"@{pipeline().parameters.StorageAccountFolder}/linksSharedToWholeOrganization/year=@{formatDateTime(pipeline().TriggerTime, 'yyyy')}/month=@{formatDateTime(pipeline().TriggerTime, 'MM')}","type":"Expression"},"FileName":{"value":"powerbi_linksSharedToWholeOrganization_@{formatDateTime(pipeline().TriggerTime, 'yyyyMMdd')}.json","type":"Expression"}}}]},{"name":"Copy PublishedToWeb","description":"Copy from Power BI Admin API to ADLS","type":"Copy","dependsOn":[],"policy":{"timeout":"0.01:00:00","retry":0,"retryIntervalInSeconds":30,"secureOutput":false,"secureInput":false},"userProperties":[{"name":"Source","value":"@{concat('activityevents?startDateTime=''', formatDateTime(adddays(utcnow(), -7), 'yyyy-MM-dd'), 'T00:00:00.000Z''&endDateTime=''', formatDateTime(adddays(utcnow(), -7), 'yyyy-MM-dd'), 'T23:59:59.999Z''')}"}],"typeProperties":{"source":{"type":"RestSource","additionalColumns":[{"name":"ADF_PipelineRunId","value":{"value":"@pipeline().RunId","type":"Expression"}},{"name":"ADF_PipelineTriggerTime","value":{"value":"@pipeline().TriggerTime","type":"Expression"}}],"httpRequestTimeout":"00:01:40","requestInterval":"00.00:00:00.010","requestMethod":"GET","paginationRules":{"AbsoluteUrl":"$.continuationUri"}},"sink":{"type":"JsonSink","storeSettings":{"type":"AzureBlobFSWriteSettings"},"formatSettings":{"type":"JsonWriteSettings"}},"enableStaging":false},"inputs":[{"referenceName":"DS_REST_PowerBI","type":"DatasetReference","parameters":{"AdminAPI":"widelySharedArtifacts/PublishedToWeb"}}],"outputs":[{"referenceName":"DS_ADLS_Generic_JSON","type":"DatasetReference","parameters":{"FileSystem":{"value":"@pipeline().parameters.StorageAccountContainer","type":"Expression"},"Folder":{"value":"@{pipeline().parameters.StorageAccountFolder}/PublishedToWeb/year=@{formatDateTime(pipeline().TriggerTime, 'yyyy')}/month=@{formatDateTime(pipeline().TriggerTime, 'MM')}","type":"Expression"},"FileName":{"value":"powerbi_PublishedToWeb_@{formatDateTime(pipeline().TriggerTime, 'yyyyMMdd')}.json","type":"Expression"}}}]}],"policy":{"elapsedTimeMetric":{},"cancelAfter":{}},"parameters":{"StorageAccountContainer":{"type":"string","defaultValue":"raw"},"StorageAccountFolder":{"type":"string","defaultValue":"powerbi-tenant"}},"folder":{"name":"Power BI monitor"},"annotations":[],"lastPublishTime":"2021-03-21T20:00:45Z"},"dependsOn":["[concat(variables('workspaceId'), '/datasets/DS_REST_PowerBI')]","[concat(variables('workspaceId'), '/datasets/DS_ADLS_Generic_JSON')]"]},{"name":"[concat(parameters('workspaceName'), '/DS_REST_PowerBI')]","type":"Microsoft.Synapse/workspaces/datasets","apiVersion":"2019-06-01-preview","properties":{"linkedServiceName":{"referenceName":"[parameters('LS_REST_PowerBI')]","type":"LinkedServiceReference","parameters":{"BaseURL":"https://api.powerbi.com/v1.0/myorg/admin/"}},"parameters":{"AdminAPI":{"type":"string"}},"folder":{"name":"Generic"},"annotations":[],"type":"RestResource","typeProperties":{"relativeUrl":{"value":"@dataset().AdminAPI","type":"Expression"}},"schema":[]},"dependsOn":[]},{"name":"[concat(parameters('workspaceName'), '/DS_ADLS_Generic_JSON')]","type":"Microsoft.Synapse/workspaces/datasets","apiVersion":"2019-06-01-preview","properties":{"linkedServiceName":{"referenceName":"[parameters('syn-powerbimonitor-WorkspaceDefaultStorage')]","type":"LinkedServiceReference"},"parameters":{"FileSystem":{"type":"String"},"Folder":{"type":"String"},"FileName":{"type":"String"}},"folder":{"name":"Generic"},"annotations":[],"type":"Json","typeProperties":{"location":{"type":"AzureBlobFSLocation","fileName":{"value":"@dataset().FileName","type":"Expression"},"folderPath":{"value":"@dataset().Folder","type":"Expression"},"fileSystem":{"value":"@dataset().FileSystem","type":"Expression"}}},"schema":{}},"dependsOn":[]}]}